Perfectly located Castro	Design interior in most sympathetic area! Complitely renovated, well-equipped, cosy studio in idyllic, over 100 years old wooden house. Calm street, fast connection to center and airport.	2024-10-07T18:33:38.527Z	Brussels	50.846557	4.351697	https://16.design.htmlacademy.pro/static/hotel/3.jpg	https://16.design.htmlacademy.pro/static/hotel/5.jpg;https://16.design.htmlacademy.pro/static/hotel/6.jpg;https://16.design.htmlacademy.pro/static/hotel/7.jpg;https://16.design.htmlacademy.pro/static/hotel/8.jpg;https://16.design.htmlacademy.pro/static/hotel/9.jpg;https://16.design.htmlacademy.pro/static/hotel/11.jpg	false	true	4	Hotel	2	5	8971	Washer;Towels;Fridge	Manya	fish@big.local	https://16.design.htmlacademy.pro/static/host/avatar-angelina.jpg	123457	pro	1
Amazing and Extremely Central Flat	Peaceful studio in the most wanted area in town. Quiet house Near of everything. Completely renovated. Lovely neighbourhood, lot of trendy shops, restaurants and bars in a walking distance.	2024-10-07T18:33:38.528Z	Hamburg	53.550341	10.000654	https://16.design.htmlacademy.pro/static/hotel/2.jpg	https://16.design.htmlacademy.pro/static/hotel/7.jpg;https://16.design.htmlacademy.pro/static/hotel/8.jpg;https://16.design.htmlacademy.pro/static/hotel/9.jpg;https://16.design.htmlacademy.pro/static/hotel/11.jpg;https://16.design.htmlacademy.pro/static/hotel/12.jpg;https://16.design.htmlacademy.pro/static/hotel/13.jpg	false	false	2	House	6	3	7085	Fridge	Marina	test@lost.loca	https://16.design.htmlacademy.pro/static/host/avatar-angelina.jpg	123457	pro	2
House in countryside	Design interior in most sympathetic area! Complitely renovated, well-equipped, cosy studio in idyllic, over 100 years old wooden house. Calm street, fast connection to center and airport.	2024-10-07T18:33:38.528Z	Cologne	50.938361	6.959974	https://16.design.htmlacademy.pro/static/hotel/5.jpg	https://16.design.htmlacademy.pro/static/hotel/8.jpg;https://16.design.htmlacademy.pro/static/hotel/9.jpg;https://16.design.htmlacademy.pro/static/hotel/11.jpg;https://16.design.htmlacademy.pro/static/hotel/12.jpg;https://16.design.htmlacademy.pro/static/hotel/13.jpg	false	false	3	Room	5	3	7440	Fridge	Manya	rolan@pochta.local	https://16.design.htmlacademy.pro/static/host/avatar-angelina.jpg	123458	обычный	2
House in countryside	Design interior in most sympathetic area! Complitely renovated, well-equipped, cosy studio in idyllic, over 100 years old wooden house. Calm street, fast connection to center and airport.	2024-10-07T18:33:38.529Z	Brussels	50.846557	4.351697	https://16.design.htmlacademy.pro/static/hotel/4.jpg		true	true	5	Room	3	8	7369	Fridge	Petya	kujo-fan@story.local	https://16.design.htmlacademy.pro/static/host/avatar-angelina.jpg	123457	обычный	4
Perfectly located Castro	Peaceful studio in the most wanted area in town. Quiet house Near of everything. Completely renovated. Lovely neighbourhood, lot of trendy shops, restaurants and bars in a walking distance.	2024-10-07T18:33:38.529Z	Paris	48.85661	2.351499	https://16.design.htmlacademy.pro/static/hotel/10.jpg	https://16.design.htmlacademy.pro/static/hotel/4.jpg;https://16.design.htmlacademy.pro/static/hotel/5.jpg;https://16.design.htmlacademy.pro/static/hotel/6.jpg;https://16.design.htmlacademy.pro/static/hotel/7.jpg;https://16.design.htmlacademy.pro/static/hotel/8.jpg;https://16.design.htmlacademy.pro/static/hotel/9.jpg;https://16.design.htmlacademy.pro/static/hotel/11.jpg	false	false	2	Apartment	3	8	7920	Fridge	Vanya	fish@big.local	https://16.design.htmlacademy.pro/static/host/avatar-angelina.jpg	123458	обычный	2
Loft Studio in the Central Area	Peaceful studio in the most wanted area in town. Quiet house Near of everything. Completely renovated. Lovely neighbourhood, lot of trendy shops, restaurants and bars in a walking distance.	2024-10-07T18:33:38.529Z	Amsterdam	52.370216	4.895168	https://16.design.htmlacademy.pro/static/hotel/10.jpg	https://16.design.htmlacademy.pro/static/hotel/6.jpg;https://16.design.htmlacademy.pro/static/hotel/7.jpg;https://16.design.htmlacademy.pro/static/hotel/8.jpg;https://16.design.htmlacademy.pro/static/hotel/9.jpg;https://16.design.htmlacademy.pro/static/hotel/11.jpg;https://16.design.htmlacademy.pro/static/hotel/12.jpg;https://16.design.htmlacademy.pro/static/hotel/13.jpg	false	false	3	House	4	6	7639	Baby seat;Washer;Towels;Fridge	Manya	president@dka.local	https://16.design.htmlacademy.pro/static/host/avatar-angelina.jpg	123457	обычный	4
Wood and stone place	Design interior in most sympathetic area! Complitely renovated, well-equipped, cosy studio in idyllic, over 100 years old wooden house. Calm street, fast connection to center and airport.	2024-10-07T18:33:38.529Z	Dusseldorf	51.225402	6.776314	https://16.design.htmlacademy.pro/static/hotel/4.jpg	https://16.design.htmlacademy.pro/static/hotel/8.jpg;https://16.design.htmlacademy.pro/static/hotel/9.jpg;https://16.design.htmlacademy.pro/static/hotel/11.jpg;https://16.design.htmlacademy.pro/static/hotel/12.jpg;https://16.design.htmlacademy.pro/static/hotel/13.jpg	true	true	3	Apartment	4	8	8406	Breakfast;Air conditioning;Laptop friendly workspace;Baby seat;Washer;Towels	Vanya	freedom@pisem.local	https://16.design.htmlacademy.pro/static/host/avatar-angelina.jpg	123456	обычный	2
House in countryside	Discover daily local life in city center, friendly neighborhood, clandestine casino, karaoke, old-style artisans, art gallery and artist studio downstairs.	2024-10-07T18:33:38.529Z	Amsterdam	52.370216	4.895168	https://16.design.htmlacademy.pro/static/hotel/2.jpg	https://16.design.htmlacademy.pro/static/hotel/2.jpg;https://16.design.htmlacademy.pro/static/hotel/3.jpg;https://16.design.htmlacademy.pro/static/hotel/4.jpg;https://16.design.htmlacademy.pro/static/hotel/5.jpg;https://16.design.htmlacademy.pro/static/hotel/6.jpg;https://16.design.htmlacademy.pro/static/hotel/7.jpg;https://16.design.htmlacademy.pro/static/hotel/8.jpg;https://16.design.htmlacademy.pro/static/hotel/9.jpg;https://16.design.htmlacademy.pro/static/hotel/11.jpg	true	false	2	Room	5	4	8093	Air conditioning;Laptop friendly workspace;Baby seat	Marina	author@mir.local	https://16.design.htmlacademy.pro/static/host/avatar-angelina.jpg	123457	pro	5
Loft Studio in the Central Area	Peaceful studio in the most wanted area in town. Quiet house Near of everything. Completely renovated. Lovely neighbourhood, lot of trendy shops, restaurants and bars in a walking distance.	2024-10-07T18:33:38.529Z	Cologne	50.938361	6.959974	https://16.design.htmlacademy.pro/static/hotel/4.jpg	https://16.design.htmlacademy.pro/static/hotel/11.jpg;https://16.design.htmlacademy.pro/static/hotel/12.jpg;https://16.design.htmlacademy.pro/static/hotel/13.jpg	false	false	4	Apartment	2	5	7488	Laptop friendly workspace;Baby seat;Washer	Petya	test@pisem.local	https://16.design.htmlacademy.pro/static/host/avatar-angelina.jpg	123456	обычный	3
Amazing and Extremely Central Flat	Peaceful studio in the most wanted area in town. Quiet house Near of everything. Completely renovated. Lovely neighbourhood, lot of trendy shops, restaurants and bars in a walking distance.	2024-10-07T18:33:38.529Z	Hamburg	53.550341	10.000654	https://16.design.htmlacademy.pro/static/hotel/1.jpg	https://16.design.htmlacademy.pro/static/hotel/11.jpg;https://16.design.htmlacademy.pro/static/hotel/12.jpg;https://16.design.htmlacademy.pro/static/hotel/13.jpg	false	false	5	Room	2	9	7473	Towels;Fridge	Petya	rolan@pochta.local	https://16.design.htmlacademy.pro/static/host/avatar-angelina.jpg	123457	обычный	5
House in countryside	Peaceful studio in the most wanted area in town. Quiet house Near of everything. Completely renovated. Lovely neighbourhood, lot of trendy shops, restaurants and bars in a walking distance.	2024-10-07T18:33:38.529Z	Cologne	50.938361	6.959974	https://16.design.htmlacademy.pro/static/hotel/5.jpg	https://16.design.htmlacademy.pro/static/hotel/4.jpg;https://16.design.htmlacademy.pro/static/hotel/5.jpg;https://16.design.htmlacademy.pro/static/hotel/6.jpg;https://16.design.htmlacademy.pro/static/hotel/7.jpg;https://16.design.htmlacademy.pro/static/hotel/8.jpg;https://16.design.htmlacademy.pro/static/hotel/9.jpg;https://16.design.htmlacademy.pro/static/hotel/11.jpg;https://16.design.htmlacademy.pro/static/hotel/12.jpg;https://16.design.htmlacademy.pro/static/hotel/13.jpg	false	true	2	House	5	3	8218	Baby seat;Washer;Towels;Fridge	Petya	test@lost.loca	https://16.design.htmlacademy.pro/static/host/avatar-angelina.jpg	123457	обычный	3
Amazing and Extremely Central Flat	Discover daily local life in city center, friendly neighborhood, clandestine casino, karaoke, old-style artisans, art gallery and artist studio downstairs.	2024-10-07T18:33:38.529Z	Paris	48.85661	2.351499	https://16.design.htmlacademy.pro/static/hotel/4.jpg	https://16.design.htmlacademy.pro/static/hotel/9.jpg;https://16.design.htmlacademy.pro/static/hotel/11.jpg;https://16.design.htmlacademy.pro/static/hotel/12.jpg;https://16.design.htmlacademy.pro/static/hotel/13.jpg	true	false	4	Apartment	3	2	8634	Baby seat;Washer;Towels;Fridge	Petya	rolan@pochta.local	https://16.design.htmlacademy.pro/static/host/avatar-angelina.jpg	123457	pro	3
Loft Studio in the Central Area	Peaceful studio in the most wanted area in town. Quiet house Near of everything. Completely renovated. Lovely neighbourhood, lot of trendy shops, restaurants and bars in a walking distance.	2024-10-07T18:33:38.529Z	Amsterdam	52.370216	4.895168	https://16.design.htmlacademy.pro/static/hotel/4.jpg	https://16.design.htmlacademy.pro/static/hotel/3.jpg;https://16.design.htmlacademy.pro/static/hotel/4.jpg;https://16.design.htmlacademy.pro/static/hotel/5.jpg;https://16.design.htmlacademy.pro/static/hotel/6.jpg;https://16.design.htmlacademy.pro/static/hotel/7.jpg;https://16.design.htmlacademy.pro/static/hotel/8.jpg;https://16.design.htmlacademy.pro/static/hotel/9.jpg;https://16.design.htmlacademy.pro/static/hotel/11.jpg;https://16.design.htmlacademy.pro/static/hotel/12.jpg	false	false	1	Apartment	2	8	7517	Laptop friendly workspace;Baby seat;Washer;Towels	Petya	test@pisem.local	https://16.design.htmlacademy.pro/static/host/avatar-angelina.jpg	123458	обычный	5
Amazing and Extremely Central Flat	A quiet cozy and picturesque that hides behind a a river by the unique lightness of Amsterdam.	2024-10-07T18:33:38.529Z	Brussels	50.846557	4.351697	https://16.design.htmlacademy.pro/static/hotel/1.jpg	https://16.design.htmlacademy.pro/static/hotel/9.jpg;https://16.design.htmlacademy.pro/static/hotel/11.jpg;https://16.design.htmlacademy.pro/static/hotel/12.jpg;https://16.design.htmlacademy.pro/static/hotel/13.jpg	false	true	4	House	1	2	7735	Air conditioning	Manya	freedom@pisem.local	https://16.design.htmlacademy.pro/static/host/avatar-angelina.jpg	123458	pro	3
Wood and stone place	Design interior in most sympathetic area! Complitely renovated, well-equipped, cosy studio in idyllic, over 100 years old wooden house. Calm street, fast connection to center and airport.	2024-10-07T18:33:38.529Z	Amsterdam	52.370216	4.895168	https://16.design.htmlacademy.pro/static/hotel/2.jpg	https://16.design.htmlacademy.pro/static/hotel/8.jpg;https://16.design.htmlacademy.pro/static/hotel/9.jpg;https://16.design.htmlacademy.pro/static/hotel/11.jpg;https://16.design.htmlacademy.pro/static/hotel/12.jpg;https://16.design.htmlacademy.pro/static/hotel/13.jpg	false	false	4	Room	3	9	8453	Air conditioning;Laptop friendly workspace;Baby seat;Washer;Towels;Fridge	Marina	test@pisem.local	https://16.design.htmlacademy.pro/static/host/avatar-angelina.jpg	123456	pro	4
House in countryside	Discover daily local life in city center, friendly neighborhood, clandestine casino, karaoke, old-style artisans, art gallery and artist studio downstairs.	2024-10-07T18:33:38.529Z	Cologne	50.938361	6.959974	https://16.design.htmlacademy.pro/static/hotel/4.jpg	https://16.design.htmlacademy.pro/static/hotel/5.jpg;https://16.design.htmlacademy.pro/static/hotel/6.jpg;https://16.design.htmlacademy.pro/static/hotel/7.jpg;https://16.design.htmlacademy.pro/static/hotel/8.jpg;https://16.design.htmlacademy.pro/static/hotel/9.jpg;https://16.design.htmlacademy.pro/static/hotel/11.jpg;https://16.design.htmlacademy.pro/static/hotel/12.jpg;https://16.design.htmlacademy.pro/static/hotel/13.jpg	true	false	2	Room	3	8	8134	Towels;Fridge	Petya	freedom@pisem.local	https://16.design.htmlacademy.pro/static/host/avatar-angelina.jpg	123457	pro	2
Amazing and Extremely Central Flat	Design interior in most sympathetic area! Complitely renovated, well-equipped, cosy studio in idyllic, over 100 years old wooden house. Calm street, fast connection to center and airport.	2024-10-07T18:33:38.529Z	Amsterdam	52.370216	4.895168	https://16.design.htmlacademy.pro/static/hotel/5.jpg	https://16.design.htmlacademy.pro/static/hotel/8.jpg;https://16.design.htmlacademy.pro/static/hotel/9.jpg;https://16.design.htmlacademy.pro/static/hotel/11.jpg;https://16.design.htmlacademy.pro/static/hotel/12.jpg;https://16.design.htmlacademy.pro/static/hotel/13.jpg	false	false	4	Hotel	5	10	7919	Washer;Towels;Fridge	Petya	rolan@pochta.local	https://16.design.htmlacademy.pro/static/host/avatar-angelina.jpg	123457	обычный	2
Amazing and Extremely Central Flat	Peaceful studio in the most wanted area in town. Quiet house Near of everything. Completely renovated. Lovely neighbourhood, lot of trendy shops, restaurants and bars in a walking distance.	2024-10-07T18:33:38.530Z	Cologne	50.938361	6.959974	https://16.design.htmlacademy.pro/static/hotel/10.jpg	https://16.design.htmlacademy.pro/static/hotel/3.jpg;https://16.design.htmlacademy.pro/static/hotel/4.jpg;https://16.design.htmlacademy.pro/static/hotel/5.jpg;https://16.design.htmlacademy.pro/static/hotel/6.jpg;https://16.design.htmlacademy.pro/static/hotel/7.jpg;https://16.design.htmlacademy.pro/static/hotel/8.jpg;https://16.design.htmlacademy.pro/static/hotel/9.jpg;https://16.design.htmlacademy.pro/static/hotel/11.jpg	false	true	4	Room	4	1	8599	Washer;Towels;Fridge	Petya	fish@big.local	https://16.design.htmlacademy.pro/static/host/avatar-angelina.jpg	123456	pro	4
Amazing and Extremely Central Flat	Peaceful studio in the most wanted area in town. Quiet house Near of everything. Completely renovated. Lovely neighbourhood, lot of trendy shops, restaurants and bars in a walking distance.	2024-10-07T18:33:38.530Z	Hamburg	53.550341	10.000654	https://16.design.htmlacademy.pro/static/hotel/5.jpg	https://16.design.htmlacademy.pro/static/hotel/3.jpg;https://16.design.htmlacademy.pro/static/hotel/4.jpg;https://16.design.htmlacademy.pro/static/hotel/5.jpg;https://16.design.htmlacademy.pro/static/hotel/6.jpg;https://16.design.htmlacademy.pro/static/hotel/7.jpg;https://16.design.htmlacademy.pro/static/hotel/8.jpg;https://16.design.htmlacademy.pro/static/hotel/9.jpg;https://16.design.htmlacademy.pro/static/hotel/11.jpg;https://16.design.htmlacademy.pro/static/hotel/12.jpg;https://16.design.htmlacademy.pro/static/hotel/13.jpg	false	true	4	House	7	6	8518	Baby seat;Washer;Towels;Fridge	Petya	author@mir.local	https://16.design.htmlacademy.pro/static/host/avatar-angelina.jpg	123458	обычный	2
Loft Studio in the Central Area	Design interior in most sympathetic area! Complitely renovated, well-equipped, cosy studio in idyllic, over 100 years old wooden house. Calm street, fast connection to center and airport.	2024-10-07T18:33:38.530Z	Hamburg	53.550341	10.000654	https://16.design.htmlacademy.pro/static/hotel/4.jpg	https://16.design.htmlacademy.pro/static/hotel/1.jpg	false	false	5	House	7	2	8790	Baby seat;Washer;Towels;Fridge	Vanya	test@pisem.local	https://16.design.htmlacademy.pro/static/host/avatar-angelina.jpg	123457	pro	3
Amazing and Extremely Central Flat	Discover daily local life in city center, friendly neighborhood, clandestine casino, karaoke, old-style artisans, art gallery and artist studio downstairs.	2024-10-07T18:33:38.530Z	Amsterdam	52.370216	4.895168	https://16.design.htmlacademy.pro/static/hotel/3.jpg	https://16.design.htmlacademy.pro/static/hotel/12.jpg;https://16.design.htmlacademy.pro/static/hotel/13.jpg	true	false	4	Room	6	3	8039	Baby seat;Washer;Towels;Fridge	Petya	test@lost.loca	https://16.design.htmlacademy.pro/static/host/avatar-angelina.jpg	123458	pro	3
Perfectly located Castro	Design interior in most sympathetic area! Complitely renovated, well-equipped, cosy studio in idyllic, over 100 years old wooden house. Calm street, fast connection to center and airport.	2024-10-07T18:33:38.530Z	Paris	48.85661	2.351499	https://16.design.htmlacademy.pro/static/hotel/2.jpg	https://16.design.htmlacademy.pro/static/hotel/5.jpg;https://16.design.htmlacademy.pro/static/hotel/6.jpg;https://16.design.htmlacademy.pro/static/hotel/7.jpg;https://16.design.htmlacademy.pro/static/hotel/8.jpg;https://16.design.htmlacademy.pro/static/hotel/9.jpg;https://16.design.htmlacademy.pro/static/hotel/11.jpg;https://16.design.htmlacademy.pro/static/hotel/12.jpg;https://16.design.htmlacademy.pro/static/hotel/13.jpg	true	false	4	Room	5	5	7324	Baby seat;Washer;Towels	Marina	fish@big.local	https://16.design.htmlacademy.pro/static/host/avatar-angelina.jpg	123457	обычный	3
Loft Studio in the Central Area	Peaceful studio in the most wanted area in town. Quiet house Near of everything. Completely renovated. Lovely neighbourhood, lot of trendy shops, restaurants and bars in a walking distance.	2024-10-07T18:33:38.531Z	Brussels	50.846557	4.351697	https://16.design.htmlacademy.pro/static/hotel/1.jpg	https://16.design.htmlacademy.pro/static/hotel/7.jpg;https://16.design.htmlacademy.pro/static/hotel/8.jpg;https://16.design.htmlacademy.pro/static/hotel/9.jpg;https://16.design.htmlacademy.pro/static/hotel/11.jpg;https://16.design.htmlacademy.pro/static/hotel/12.jpg;https://16.design.htmlacademy.pro/static/hotel/13.jpg	false	true	1	Apartment	4	9	8518	Baby seat;Washer;Towels;Fridge	Marina	test@lost.loca	https://16.design.htmlacademy.pro/static/host/avatar-angelina.jpg	123458	pro	1
Perfectly located Castro	Peaceful studio in the most wanted area in town. Quiet house Near of everything. Completely renovated. Lovely neighbourhood, lot of trendy shops, restaurants and bars in a walking distance.	2024-10-07T18:33:38.532Z	Brussels	50.846557	4.351697	https://16.design.htmlacademy.pro/static/hotel/4.jpg	https://16.design.htmlacademy.pro/static/hotel/12.jpg;https://16.design.htmlacademy.pro/static/hotel/13.jpg	true	false	4	Apartment	6	4	7041	Towels;Fridge	Petya	rolan@pochta.local	https://16.design.htmlacademy.pro/static/host/avatar-angelina.jpg	123456	обычный	3
Amazing and Extremely Central Flat	A quiet cozy and picturesque that hides behind a a river by the unique lightness of Amsterdam.	2024-10-07T18:33:38.532Z	Cologne	50.938361	6.959974	https://16.design.htmlacademy.pro/static/hotel/10.jpg	https://16.design.htmlacademy.pro/static/hotel/6.jpg;https://16.design.htmlacademy.pro/static/hotel/7.jpg;https://16.design.htmlacademy.pro/static/hotel/8.jpg;https://16.design.htmlacademy.pro/static/hotel/9.jpg;https://16.design.htmlacademy.pro/static/hotel/11.jpg;https://16.design.htmlacademy.pro/static/hotel/12.jpg;https://16.design.htmlacademy.pro/static/hotel/13.jpg	false	true	4	Apartment	6	3	8522	Baby seat;Washer;Towels;Fridge	Manya	rolan@pochta.local	https://16.design.htmlacademy.pro/static/host/avatar-angelina.jpg	123457	pro	3
Loft Studio in the Central Area	Discover daily local life in city center, friendly neighborhood, clandestine casino, karaoke, old-style artisans, art gallery and artist studio downstairs.	2024-10-07T18:33:38.532Z	Amsterdam	52.370216	4.895168	https://16.design.htmlacademy.pro/static/hotel/2.jpg	https://16.design.htmlacademy.pro/static/hotel/9.jpg;https://16.design.htmlacademy.pro/static/hotel/11.jpg;https://16.design.htmlacademy.pro/static/hotel/12.jpg;https://16.design.htmlacademy.pro/static/hotel/13.jpg	false	true	3	Hotel	8	6	8662	Laptop friendly workspace;Baby seat	Vanya	author@mir.local	https://16.design.htmlacademy.pro/static/host/avatar-angelina.jpg	123458	обычный	3
Perfectly located Castro	Design interior in most sympathetic area! Complitely renovated, well-equipped, cosy studio in idyllic, over 100 years old wooden house. Calm street, fast connection to center and airport.	2024-10-07T18:33:38.532Z	Amsterdam	52.370216	4.895168	https://16.design.htmlacademy.pro/static/hotel/3.jpg	https://16.design.htmlacademy.pro/static/hotel/9.jpg;https://16.design.htmlacademy.pro/static/hotel/11.jpg;https://16.design.htmlacademy.pro/static/hotel/12.jpg;https://16.design.htmlacademy.pro/static/hotel/13.jpg	false	true	2	Hotel	8	3	8946	Baby seat;Washer;Towels;Fridge	Marina	fish@big.local	https://16.design.htmlacademy.pro/static/host/avatar-angelina.jpg	123457	обычный	1
Loft Studio in the Central Area	Discover daily local life in city center, friendly neighborhood, clandestine casino, karaoke, old-style artisans, art gallery and artist studio downstairs.	2024-10-07T18:33:38.532Z	Cologne	50.938361	6.959974	https://16.design.htmlacademy.pro/static/hotel/3.jpg	https://16.design.htmlacademy.pro/static/hotel/8.jpg;https://16.design.htmlacademy.pro/static/hotel/9.jpg;https://16.design.htmlacademy.pro/static/hotel/11.jpg;https://16.design.htmlacademy.pro/static/hotel/12.jpg;https://16.design.htmlacademy.pro/static/hotel/13.jpg	false	false	2	House	1	1	7628	Baby seat;Washer;Towels;Fridge	Vanya	rolan@pochta.local	https://16.design.htmlacademy.pro/static/host/avatar-angelina.jpg	123458	pro	2
Amazing and Extremely Central Flat	Design interior in most sympathetic area! Complitely renovated, well-equipped, cosy studio in idyllic, over 100 years old wooden house. Calm street, fast connection to center and airport.	2024-10-07T18:33:38.532Z	Brussels	50.846557	4.351697	https://16.design.htmlacademy.pro/static/hotel/4.jpg	https://16.design.htmlacademy.pro/static/hotel/6.jpg;https://16.design.htmlacademy.pro/static/hotel/7.jpg;https://16.design.htmlacademy.pro/static/hotel/8.jpg;https://16.design.htmlacademy.pro/static/hotel/9.jpg;https://16.design.htmlacademy.pro/static/hotel/11.jpg;https://16.design.htmlacademy.pro/static/hotel/12.jpg;https://16.design.htmlacademy.pro/static/hotel/13.jpg	false	false	2	Room	4	3	8013	Laptop friendly workspace;Baby seat;Washer;Towels;Fridge	Petya	fish@big.local	https://16.design.htmlacademy.pro/static/host/avatar-angelina.jpg	123457	обычный	4
Loft Studio in the Central Area	A quiet cozy and picturesque that hides behind a a river by the unique lightness of Amsterdam.	2024-10-07T18:33:38.532Z	Hamburg	53.550341	10.000654	https://16.design.htmlacademy.pro/static/hotel/1.jpg	https://16.design.htmlacademy.pro/static/hotel/8.jpg;https://16.design.htmlacademy.pro/static/hotel/9.jpg;https://16.design.htmlacademy.pro/static/hotel/11.jpg;https://16.design.htmlacademy.pro/static/hotel/12.jpg;https://16.design.htmlacademy.pro/static/hotel/13.jpg	false	true	3	Hotel	5	7	8075	Air conditioning;Laptop friendly workspace;Baby seat;Washer	Manya	kujo-fan@story.local	https://16.design.htmlacademy.pro/static/host/avatar-angelina.jpg	123458	pro	2
House in countryside	Peaceful studio in the most wanted area in town. Quiet house Near of everything. Completely renovated. Lovely neighbourhood, lot of trendy shops, restaurants and bars in a walking distance.	2024-10-07T18:33:38.532Z	Hamburg	53.550341	10.000654	https://16.design.htmlacademy.pro/static/hotel/4.jpg	https://16.design.htmlacademy.pro/static/hotel/12.jpg;https://16.design.htmlacademy.pro/static/hotel/13.jpg	false	false	1	Room	3	8	7768	Fridge	Manya	president@dka.local	https://16.design.htmlacademy.pro/static/host/avatar-angelina.jpg	123456	обычный	4
Amazing and Extremely Central Flat	Design interior in most sympathetic area! Complitely renovated, well-equipped, cosy studio in idyllic, over 100 years old wooden house. Calm street, fast connection to center and airport.	2024-10-07T18:33:38.532Z	Hamburg	53.550341	10.000654	https://16.design.htmlacademy.pro/static/hotel/3.jpg	https://16.design.htmlacademy.pro/static/hotel/11.jpg;https://16.design.htmlacademy.pro/static/hotel/12.jpg;https://16.design.htmlacademy.pro/static/hotel/13.jpg	false	true	1	House	3	3	8449	Towels;Fridge	Petya	rolan@pochta.local	https://16.design.htmlacademy.pro/static/host/avatar-angelina.jpg	123456	pro	4
Loft Studio in the Central Area	Discover daily local life in city center, friendly neighborhood, clandestine casino, karaoke, old-style artisans, art gallery and artist studio downstairs.	2024-10-07T18:33:38.532Z	Amsterdam	52.370216	4.895168	https://16.design.htmlacademy.pro/static/hotel/3.jpg	https://16.design.htmlacademy.pro/static/hotel/6.jpg;https://16.design.htmlacademy.pro/static/hotel/7.jpg;https://16.design.htmlacademy.pro/static/hotel/8.jpg;https://16.design.htmlacademy.pro/static/hotel/9.jpg;https://16.design.htmlacademy.pro/static/hotel/11.jpg	true	false	3	Room	7	6	8447	Breakfast;Air conditioning;Laptop friendly workspace	Manya	author@mir.local	https://16.design.htmlacademy.pro/static/host/avatar-angelina.jpg	123457	обычный	2
Wood and stone place	Design interior in most sympathetic area! Complitely renovated, well-equipped, cosy studio in idyllic, over 100 years old wooden house. Calm street, fast connection to center and airport.	2024-10-07T18:33:38.532Z	Hamburg	53.550341	10.000654	https://16.design.htmlacademy.pro/static/hotel/4.jpg	https://16.design.htmlacademy.pro/static/hotel/5.jpg;https://16.design.htmlacademy.pro/static/hotel/6.jpg;https://16.design.htmlacademy.pro/static/hotel/7.jpg;https://16.design.htmlacademy.pro/static/hotel/8.jpg;https://16.design.htmlacademy.pro/static/hotel/9.jpg;https://16.design.htmlacademy.pro/static/hotel/11.jpg	false	false	1	House	5	1	7437	Washer;Towels;Fridge	Manya	kujo-fan@story.local	https://16.design.htmlacademy.pro/static/host/avatar-angelina.jpg	123457	обычный	2
Amazing and Extremely Central Flat	Design interior in most sympathetic area! Complitely renovated, well-equipped, cosy studio in idyllic, over 100 years old wooden house. Calm street, fast connection to center and airport.	2024-10-07T18:33:38.532Z	Amsterdam	52.370216	4.895168	https://16.design.htmlacademy.pro/static/hotel/2.jpg	https://16.design.htmlacademy.pro/static/hotel/9.jpg;https://16.design.htmlacademy.pro/static/hotel/11.jpg;https://16.design.htmlacademy.pro/static/hotel/12.jpg;https://16.design.htmlacademy.pro/static/hotel/13.jpg	true	true	3	Room	5	9	7694	Air conditioning;Laptop friendly workspace;Baby seat;Washer;Towels;Fridge	Marina	freedom@pisem.local	https://16.design.htmlacademy.pro/static/host/avatar-angelina.jpg	123458	pro	2
House in countryside	Design interior in most sympathetic area! Complitely renovated, well-equipped, cosy studio in idyllic, over 100 years old wooden house. Calm street, fast connection to center and airport.	2024-10-07T18:33:38.532Z	Hamburg	53.550341	10.000654	https://16.design.htmlacademy.pro/static/hotel/2.jpg	https://16.design.htmlacademy.pro/static/hotel/12.jpg;https://16.design.htmlacademy.pro/static/hotel/13.jpg	false	false	1	Hotel	2	4	7417	Air conditioning;Laptop friendly workspace;Baby seat;Washer	Marina	test@pisem.local	https://16.design.htmlacademy.pro/static/host/avatar-angelina.jpg	123456	pro	1
Amazing and Extremely Central Flat	Discover daily local life in city center, friendly neighborhood, clandestine casino, karaoke, old-style artisans, art gallery and artist studio downstairs.	2024-10-07T18:33:38.532Z	Amsterdam	52.370216	4.895168	https://16.design.htmlacademy.pro/static/hotel/3.jpg	https://16.design.htmlacademy.pro/static/hotel/3.jpg;https://16.design.htmlacademy.pro/static/hotel/4.jpg;https://16.design.htmlacademy.pro/static/hotel/5.jpg;https://16.design.htmlacademy.pro/static/hotel/6.jpg;https://16.design.htmlacademy.pro/static/hotel/7.jpg;https://16.design.htmlacademy.pro/static/hotel/8.jpg;https://16.design.htmlacademy.pro/static/hotel/9.jpg;https://16.design.htmlacademy.pro/static/hotel/11.jpg;https://16.design.htmlacademy.pro/static/hotel/12.jpg	true	false	3	House	3	6	7126	Air conditioning;Laptop friendly workspace;Baby seat;Washer	Marina	president@dka.local	https://16.design.htmlacademy.pro/static/host/avatar-angelina.jpg	123457	pro	2
Loft Studio in the Central Area	Peaceful studio in the most wanted area in town. Quiet house Near of everything. Completely renovated. Lovely neighbourhood, lot of trendy shops, restaurants and bars in a walking distance.	2024-10-07T18:33:38.532Z	Amsterdam	52.370216	4.895168	https://16.design.htmlacademy.pro/static/hotel/1.jpg	https://16.design.htmlacademy.pro/static/hotel/11.jpg;https://16.design.htmlacademy.pro/static/hotel/12.jpg;https://16.design.htmlacademy.pro/static/hotel/13.jpg	false	true	4	House	5	9	7328	Washer;Towels;Fridge	Marina	kujo-fan@story.local	https://16.design.htmlacademy.pro/static/host/avatar-angelina.jpg	123458	pro	3
Amazing and Extremely Central Flat	Discover daily local life in city center, friendly neighborhood, clandestine casino, karaoke, old-style artisans, art gallery and artist studio downstairs.	2024-10-07T18:33:38.532Z	Paris	48.85661	2.351499	https://16.design.htmlacademy.pro/static/hotel/3.jpg	https://16.design.htmlacademy.pro/static/hotel/6.jpg;https://16.design.htmlacademy.pro/static/hotel/7.jpg;https://16.design.htmlacademy.pro/static/hotel/8.jpg;https://16.design.htmlacademy.pro/static/hotel/9.jpg;https://16.design.htmlacademy.pro/static/hotel/11.jpg;https://16.design.htmlacademy.pro/static/hotel/12.jpg;https://16.design.htmlacademy.pro/static/hotel/13.jpg	true	true	4	Room	6	7	8247	Washer;Towels;Fridge	Vanya	fish@big.local	https://16.design.htmlacademy.pro/static/host/avatar-angelina.jpg	123456	pro	1
Perfectly located Castro	Discover daily local life in city center, friendly neighborhood, clandestine casino, karaoke, old-style artisans, art gallery and artist studio downstairs.	2024-10-07T18:33:38.532Z	Hamburg	53.550341	10.000654	https://16.design.htmlacademy.pro/static/hotel/2.jpg	https://16.design.htmlacademy.pro/static/hotel/9.jpg;https://16.design.htmlacademy.pro/static/hotel/11.jpg;https://16.design.htmlacademy.pro/static/hotel/12.jpg;https://16.design.htmlacademy.pro/static/hotel/13.jpg	true	false	4	House	4	8	7969	Air conditioning;Laptop friendly workspace;Baby seat;Washer;Towels;Fridge	Manya	test@pisem.local	https://16.design.htmlacademy.pro/static/host/avatar-angelina.jpg	123457	обычный	2
Loft Studio in the Central Area	Discover daily local life in city center, friendly neighborhood, clandestine casino, karaoke, old-style artisans, art gallery and artist studio downstairs.	2024-10-07T18:33:38.532Z	Hamburg	53.550341	10.000654	https://16.design.htmlacademy.pro/static/hotel/1.jpg	https://16.design.htmlacademy.pro/static/hotel/6.jpg;https://16.design.htmlacademy.pro/static/hotel/7.jpg;https://16.design.htmlacademy.pro/static/hotel/8.jpg;https://16.design.htmlacademy.pro/static/hotel/9.jpg;https://16.design.htmlacademy.pro/static/hotel/11.jpg;https://16.design.htmlacademy.pro/static/hotel/12.jpg;https://16.design.htmlacademy.pro/static/hotel/13.jpg	false	true	5	Room	1	6	7933	Washer;Towels;Fridge	Vanya	test@pisem.local	https://16.design.htmlacademy.pro/static/host/avatar-angelina.jpg	123457	pro	4
Loft Studio in the Central Area	Peaceful studio in the most wanted area in town. Quiet house Near of everything. Completely renovated. Lovely neighbourhood, lot of trendy shops, restaurants and bars in a walking distance.	2024-10-07T18:33:38.532Z	Brussels	50.846557	4.351697	https://16.design.htmlacademy.pro/static/hotel/4.jpg	https://16.design.htmlacademy.pro/static/hotel/9.jpg;https://16.design.htmlacademy.pro/static/hotel/11.jpg;https://16.design.htmlacademy.pro/static/hotel/12.jpg;https://16.design.htmlacademy.pro/static/hotel/13.jpg	false	false	4	Room	4	9	7919	Breakfast;Air conditioning;Laptop friendly workspace	Petya	test@lost.loca	https://16.design.htmlacademy.pro/static/host/avatar-angelina.jpg	123457	pro	2
Loft Studio in the Central Area	Peaceful studio in the most wanted area in town. Quiet house Near of everything. Completely renovated. Lovely neighbourhood, lot of trendy shops, restaurants and bars in a walking distance.	2024-10-07T18:33:38.533Z	Amsterdam	52.370216	4.895168	https://16.design.htmlacademy.pro/static/hotel/3.jpg	https://16.design.htmlacademy.pro/static/hotel/6.jpg;https://16.design.htmlacademy.pro/static/hotel/7.jpg;https://16.design.htmlacademy.pro/static/hotel/8.jpg;https://16.design.htmlacademy.pro/static/hotel/9.jpg;https://16.design.htmlacademy.pro/static/hotel/11.jpg;https://16.design.htmlacademy.pro/static/hotel/12.jpg;https://16.design.htmlacademy.pro/static/hotel/13.jpg	true	false	1	Room	5	2	7971	Breakfast;Air conditioning;Laptop friendly workspace;Baby seat;Washer;Towels;Fridge	Manya	test@pisem.local	https://16.design.htmlacademy.pro/static/host/avatar-angelina.jpg	123456	pro	4
House in countryside	Design interior in most sympathetic area! Complitely renovated, well-equipped, cosy studio in idyllic, over 100 years old wooden house. Calm street, fast connection to center and airport.	2024-10-07T18:33:38.533Z	Dusseldorf	51.225402	6.776314	https://16.design.htmlacademy.pro/static/hotel/10.jpg	https://16.design.htmlacademy.pro/static/hotel/5.jpg;https://16.design.htmlacademy.pro/static/hotel/6.jpg;https://16.design.htmlacademy.pro/static/hotel/7.jpg;https://16.design.htmlacademy.pro/static/hotel/8.jpg;https://16.design.htmlacademy.pro/static/hotel/9.jpg;https://16.design.htmlacademy.pro/static/hotel/11.jpg;https://16.design.htmlacademy.pro/static/hotel/12.jpg	true	true	3	Hotel	5	4	8896	Air conditioning;Laptop friendly workspace;Baby seat;Washer;Towels	Marina	freedom@pisem.local	https://16.design.htmlacademy.pro/static/host/avatar-angelina.jpg	123458	pro	5
House in countryside	A quiet cozy and picturesque that hides behind a a river by the unique lightness of Amsterdam.	2024-10-07T18:33:38.533Z	Cologne	50.938361	6.959974	https://16.design.htmlacademy.pro/static/hotel/5.jpg	https://16.design.htmlacademy.pro/static/hotel/12.jpg;https://16.design.htmlacademy.pro/static/hotel/13.jpg	false	true	2	Room	3	9	8550	Baby seat;Washer;Towels;Fridge	Marina	rolan@pochta.local	https://16.design.htmlacademy.pro/static/host/avatar-angelina.jpg	123458	обычный	2
Perfectly located Castro	Discover daily local life in city center, friendly neighborhood, clandestine casino, karaoke, old-style artisans, art gallery and artist studio downstairs.	2024-10-07T18:33:38.534Z	Cologne	50.938361	6.959974	https://16.design.htmlacademy.pro/static/hotel/4.jpg	https://16.design.htmlacademy.pro/static/hotel/1.jpg;https://16.design.htmlacademy.pro/static/hotel/2.jpg;https://16.design.htmlacademy.pro/static/hotel/3.jpg;https://16.design.htmlacademy.pro/static/hotel/4.jpg;https://16.design.htmlacademy.pro/static/hotel/5.jpg;https://16.design.htmlacademy.pro/static/hotel/6.jpg;https://16.design.htmlacademy.pro/static/hotel/7.jpg;https://16.design.htmlacademy.pro/static/hotel/8.jpg;https://16.design.htmlacademy.pro/static/hotel/9.jpg;https://16.design.htmlacademy.pro/static/hotel/11.jpg;https://16.design.htmlacademy.pro/static/hotel/12.jpg	false	true	3	House	6	10	7847	Air conditioning;Laptop friendly workspace;Baby seat	Manya	rolan@pochta.local	https://16.design.htmlacademy.pro/static/host/avatar-angelina.jpg	123456	обычный	2
Loft Studio in the Central Area	A quiet cozy and picturesque that hides behind a a river by the unique lightness of Amsterdam.	2024-10-07T18:33:38.534Z	Amsterdam	52.370216	4.895168	https://16.design.htmlacademy.pro/static/hotel/3.jpg	https://16.design.htmlacademy.pro/static/hotel/4.jpg;https://16.design.htmlacademy.pro/static/hotel/5.jpg;https://16.design.htmlacademy.pro/static/hotel/6.jpg;https://16.design.htmlacademy.pro/static/hotel/7.jpg;https://16.design.htmlacademy.pro/static/hotel/8.jpg	true	true	3	House	7	6	8917	Breakfast;Air conditioning;Laptop friendly workspace;Baby seat;Washer	Petya	freedom@pisem.local	https://16.design.htmlacademy.pro/static/host/avatar-angelina.jpg	123457	обычный	2
Loft Studio in the Central Area	A quiet cozy and picturesque that hides behind a a river by the unique lightness of Amsterdam.	2024-10-07T18:33:38.534Z	Hamburg	53.550341	10.000654	https://16.design.htmlacademy.pro/static/hotel/1.jpg	https://16.design.htmlacademy.pro/static/hotel/12.jpg;https://16.design.htmlacademy.pro/static/hotel/13.jpg	false	false	1	Room	4	5	7185	Towels;Fridge	Marina	test@pisem.local	https://16.design.htmlacademy.pro/static/host/avatar-angelina.jpg	123456	pro	3
Amazing and Extremely Central Flat	Discover daily local life in city center, friendly neighborhood, clandestine casino, karaoke, old-style artisans, art gallery and artist studio downstairs.	2024-10-07T18:33:38.534Z	Amsterdam	52.370216	4.895168	https://16.design.htmlacademy.pro/static/hotel/1.jpg	https://16.design.htmlacademy.pro/static/hotel/12.jpg;https://16.design.htmlacademy.pro/static/hotel/13.jpg	false	false	4	Hotel	7	5	8246	Breakfast;Air conditioning;Laptop friendly workspace	Marina	test@pisem.local	https://16.design.htmlacademy.pro/static/host/avatar-angelina.jpg	123456	обычный	2
House in countryside	Discover daily local life in city center, friendly neighborhood, clandestine casino, karaoke, old-style artisans, art gallery and artist studio downstairs.	2024-10-07T18:33:38.534Z	Amsterdam	52.370216	4.895168	https://16.design.htmlacademy.pro/static/hotel/4.jpg	https://16.design.htmlacademy.pro/static/hotel/6.jpg;https://16.design.htmlacademy.pro/static/hotel/7.jpg;https://16.design.htmlacademy.pro/static/hotel/8.jpg;https://16.design.htmlacademy.pro/static/hotel/9.jpg;https://16.design.htmlacademy.pro/static/hotel/11.jpg;https://16.design.htmlacademy.pro/static/hotel/12.jpg;https://16.design.htmlacademy.pro/static/hotel/13.jpg	true	false	4	House	4	7	8186	Laptop friendly workspace;Baby seat;Washer;Towels;Fridge	Petya	kujo-fan@story.local	https://16.design.htmlacademy.pro/static/host/avatar-angelina.jpg	123457	обычный	1
